{
  "people": [
    {
      "id": 0,
      "name": "Yvonne Marks",
      "image": "http://lorempixel.com/640/480/food"
    },
    {
      "id": 1,
      "name": "Emmalee Kunde",
      "image": "http://lorempixel.com/640/480/food"
    },
    {
      "id": 2,
      "name": "Andreanne Zulauf I",
      "image": "http://lorempixel.com/640/480/food"
    },
    {
      "id": 3,
      "name": "Eldred Hoppe",
      "image": "http://lorempixel.com/640/480/food"
    },
    {
      "id": 4,
      "name": "Leone Dickens",
      "image": "http://lorempixel.com/640/480/food"
    },
    {
      "id": 5,
      "name": "Michael Ratke IV",
      "image": "http://lorempixel.com/640/480/food"
    },
    {
      "id": 6,
      "name": "Waylon Willms",
      "image": "http://lorempixel.com/640/480/food"
    },
    {
      "id": 7,
      "name": "Isaac Towne",
      "image": "http://lorempixel.com/640/480/food"
    },
    {
      "id": 8,
      "name": "Humberto Nolan",
      "image": "http://lorempixel.com/640/480/food"
    },
    {
      "id": 9,
      "name": "Scottie Kshlerin",
      "image": "http://lorempixel.com/640/480/food"
    },
    {
      "id": 10,
      "name": "Rupert Senger",
      "image": "http://lorempixel.com/640/480/food"
    },
    {
      "id": 11,
      "name": "Demario Lindgren",
      "image": "http://lorempixel.com/640/480/food"
    },
    {
      "id": 12,
      "name": "Florine Leuschke III",
      "image": "http://lorempixel.com/640/480/food"
    },
    {
      "id": 13,
      "name": "Damien Ondricka",
      "image": "http://lorempixel.com/640/480/food"
    },
    {
      "id": 14,
      "name": "Alia Lakin",
      "image": "http://lorempixel.com/640/480/food"
    },
    {
      "id": 15,
      "name": "Geovanni O'Reilly",
      "image": "http://lorempixel.com/640/480/food"
    },
    {
      "id": 16,
      "name": "Nikolas Smitham",
      "image": "http://lorempixel.com/640/480/food"
    },
    {
      "id": 17,
      "name": "Virginie Legros",
      "image": "http://lorempixel.com/640/480/food"
    },
    {
      "id": 18,
      "name": "Ms. Robyn Crooks",
      "image": "http://lorempixel.com/640/480/food"
    },
    {
      "id": 19,
      "name": "Osbaldo Carroll",
      "image": "http://lorempixel.com/640/480/food"
    },
    {
      "id": 20,
      "name": "Mr. Carmine Rutherford",
      "image": "http://lorempixel.com/640/480/food"
    },
    {
      "id": 21,
      "name": "Hobart Volkman",
      "image": "http://lorempixel.com/640/480/food"
    },
    {
      "id": 22,
      "name": "Zander Kunze",
      "image": "http://lorempixel.com/640/480/food"
    },
    {
      "id": 23,
      "name": "Aylin Dietrich",
      "image": "http://lorempixel.com/640/480/food"
    },
    {
      "id": 24,
      "name": "Sonya Johnson",
      "image": "http://lorempixel.com/640/480/food"
    },
    {
      "id": 25,
      "name": "Moriah Johnston",
      "image": "http://lorempixel.com/640/480/food"
    },
    {
      "id": 26,
      "name": "Ryley Farrell DDS",
      "image": "http://lorempixel.com/640/480/food"
    },
    {
      "id": 27,
      "name": "Brody Wisozk",
      "image": "http://lorempixel.com/640/480/food"
    },
    {
      "id": 28,
      "name": "Dale Gerhold DVM",
      "image": "http://lorempixel.com/640/480/food"
    },
    {
      "id": 29,
      "name": "Cyrus Crooks",
      "image": "http://lorempixel.com/640/480/food"
    },
    {
      "id": 30,
      "name": "Jermey Sauer",
      "image": "http://lorempixel.com/640/480/food"
    },
    {
      "id": 31,
      "name": "Mallie Mueller",
      "image": "http://lorempixel.com/640/480/food"
    },
    {
      "id": 32,
      "name": "Nora O'Conner",
      "image": "http://lorempixel.com/640/480/food"
    },
    {
      "id": 33,
      "name": "Ernestina Altenwerth",
      "image": "http://lorempixel.com/640/480/food"
    },
    {
      "id": 34,
      "name": "Miss Novella Skiles",
      "image": "http://lorempixel.com/640/480/food"
    },
    {
      "id": 35,
      "name": "Ervin Nader",
      "image": "http://lorempixel.com/640/480/food"
    },
    {
      "id": 36,
      "name": "Mckenzie Torp",
      "image": "http://lorempixel.com/640/480/food"
    },
    {
      "id": 37,
      "name": "Tierra Stracke",
      "image": "http://lorempixel.com/640/480/food"
    },
    {
      "id": 38,
      "name": "Beryl Jacobi",
      "image": "http://lorempixel.com/640/480/food"
    },
    {
      "id": 39,
      "name": "Emanuel Gibson",
      "image": "http://lorempixel.com/640/480/food"
    },
    {
      "id": 40,
      "name": "Shayna Rogahn",
      "image": "http://lorempixel.com/640/480/food"
    },
    {
      "id": 41,
      "name": "Ed Dibbert",
      "image": "http://lorempixel.com/640/480/food"
    },
    {
      "id": 42,
      "name": "Nella Witting",
      "image": "http://lorempixel.com/640/480/food"
    },
    {
      "id": 43,
      "name": "Ervin Hane",
      "image": "http://lorempixel.com/640/480/food"
    },
    {
      "id": 44,
      "name": "Grace Beier",
      "image": "http://lorempixel.com/640/480/food"
    },
    {
      "id": 45,
      "name": "Stuart Kihn",
      "image": "http://lorempixel.com/640/480/food"
    },
    {
      "id": 46,
      "name": "Miss Thora Kuphal",
      "image": "http://lorempixel.com/640/480/food"
    },
    {
      "id": 47,
      "name": "Kyler Wolff",
      "image": "http://lorempixel.com/640/480/food"
    },
    {
      "id": 48,
      "name": "Kendall Cronin",
      "image": "http://lorempixel.com/640/480/food"
    },
    {
      "id": 49,
      "name": "Dawson Auer",
      "image": "http://lorempixel.com/640/480/food"
    },
    {
      "id": 50,
      "name": "Jaeden Parker",
      "image": "http://lorempixel.com/640/480/food"
    },
    {
      "id": 51,
      "name": "Ayla Reinger",
      "image": "http://lorempixel.com/640/480/food"
    },
    {
      "id": 52,
      "name": "Desiree Schmidt",
      "image": "http://lorempixel.com/640/480/food"
    },
    {
      "id": 53,
      "name": "Nathaniel Ferry",
      "image": "http://lorempixel.com/640/480/food"
    },
    {
      "id": 54,
      "name": "Vivianne Gutkowski",
      "image": "http://lorempixel.com/640/480/food"
    },
    {
      "id": 55,
      "name": "Marlee Kiehn",
      "image": "http://lorempixel.com/640/480/food"
    },
    {
      "id": 56,
      "name": "Lilliana Mohr",
      "image": "http://lorempixel.com/640/480/food"
    },
    {
      "id": 57,
      "name": "Heidi Windler DVM",
      "image": "http://lorempixel.com/640/480/food"
    },
    {
      "id": 58,
      "name": "Myrtie Muller",
      "image": "http://lorempixel.com/640/480/food"
    },
    {
      "id": 59,
      "name": "Paris Bosco III",
      "image": "http://lorempixel.com/640/480/food"
    },
    {
      "id": 60,
      "name": "Devante Blanda",
      "image": "http://lorempixel.com/640/480/food"
    },
    {
      "id": 61,
      "name": "Rubye Ondricka",
      "image": "http://lorempixel.com/640/480/food"
    },
    {
      "id": 62,
      "name": "Braden Stehr",
      "image": "http://lorempixel.com/640/480/food"
    },
    {
      "id": 63,
      "name": "Aletha Kohler",
      "image": "http://lorempixel.com/640/480/food"
    },
    {
      "id": 64,
      "name": "Christina Wuckert",
      "image": "http://lorempixel.com/640/480/food"
    },
    {
      "id": 65,
      "name": "Dr. Emmanuel Thompson",
      "image": "http://lorempixel.com/640/480/food"
    },
    {
      "id": 66,
      "name": "Ernesto Metz",
      "image": "http://lorempixel.com/640/480/food"
    },
    {
      "id": 67,
      "name": "Drew Rice",
      "image": "http://lorempixel.com/640/480/food"
    },
    {
      "id": 68,
      "name": "Izabella Friesen",
      "image": "http://lorempixel.com/640/480/food"
    },
    {
      "id": 69,
      "name": "Miss Lafayette Willms",
      "image": "http://lorempixel.com/640/480/food"
    },
    {
      "id": 70,
      "name": "Martine Walter",
      "image": "http://lorempixel.com/640/480/food"
    },
    {
      "id": 71,
      "name": "Juliana Jacobs",
      "image": "http://lorempixel.com/640/480/food"
    },
    {
      "id": 72,
      "name": "Monty Stehr",
      "image": "http://lorempixel.com/640/480/food"
    },
    {
      "id": 73,
      "name": "Bella Kertzmann",
      "image": "http://lorempixel.com/640/480/food"
    },
    {
      "id": 74,
      "name": "Rudy Hickle",
      "image": "http://lorempixel.com/640/480/food"
    },
    {
      "id": 75,
      "name": "Jamal Lindgren",
      "image": "http://lorempixel.com/640/480/food"
    },
    {
      "id": 76,
      "name": "Dorcas Will",
      "image": "http://lorempixel.com/640/480/food"
    },
    {
      "id": 77,
      "name": "John Towne DVM",
      "image": "http://lorempixel.com/640/480/food"
    },
    {
      "id": 78,
      "name": "Amya Barton",
      "image": "http://lorempixel.com/640/480/food"
    },
    {
      "id": 79,
      "name": "Rubie Maggio",
      "image": "http://lorempixel.com/640/480/food"
    },
    {
      "id": 80,
      "name": "Mr. Brenna Robel",
      "image": "http://lorempixel.com/640/480/food"
    },
    {
      "id": 81,
      "name": "Effie Lang",
      "image": "http://lorempixel.com/640/480/food"
    },
    {
      "id": 82,
      "name": "Robert Goyette",
      "image": "http://lorempixel.com/640/480/food"
    },
    {
      "id": 83,
      "name": "Kathleen Weimann",
      "image": "http://lorempixel.com/640/480/food"
    },
    {
      "id": 84,
      "name": "Kale Herzog",
      "image": "http://lorempixel.com/640/480/food"
    },
    {
      "id": 85,
      "name": "Ozella Hilpert",
      "image": "http://lorempixel.com/640/480/food"
    },
    {
      "id": 86,
      "name": "Justice Gulgowski",
      "image": "http://lorempixel.com/640/480/food"
    },
    {
      "id": 87,
      "name": "Casandra Vandervort",
      "image": "http://lorempixel.com/640/480/food"
    },
    {
      "id": 88,
      "name": "Consuelo Hammes",
      "image": "http://lorempixel.com/640/480/food"
    },
    {
      "id": 89,
      "name": "Sedrick Upton",
      "image": "http://lorempixel.com/640/480/food"
    },
    {
      "id": 90,
      "name": "Joy Glover III",
      "image": "http://lorempixel.com/640/480/food"
    },
    {
      "id": 91,
      "name": "Amari Konopelski IV",
      "image": "http://lorempixel.com/640/480/food"
    },
    {
      "id": 92,
      "name": "Miss Nella Kuhn",
      "image": "http://lorempixel.com/640/480/food"
    },
    {
      "id": 93,
      "name": "Jermain Waelchi",
      "image": "http://lorempixel.com/640/480/food"
    },
    {
      "id": 94,
      "name": "Wilfredo Hammes",
      "image": "http://lorempixel.com/640/480/food"
    },
    {
      "id": 95,
      "name": "Wilfred Mohr",
      "image": "http://lorempixel.com/640/480/food"
    },
    {
      "id": 96,
      "name": "Regan Kirlin",
      "image": "http://lorempixel.com/640/480/food"
    },
    {
      "id": 97,
      "name": "Domenick Pfeffer III",
      "image": "http://lorempixel.com/640/480/food"
    },
    {
      "id": 98,
      "name": "Clair VonRueden DVM",
      "image": "http://lorempixel.com/640/480/food"
    },
    {
      "id": 99,
      "name": "Nathanael Mosciski",
      "image": "http://lorempixel.com/640/480/food"
    }
  ]
}